"ID","Description","GeneRatio","BgRatio","RichFactor","FoldEnrichment","zScore","pvalue","p.adjust","qvalue","geneID","Count"
"GO:0034976","response to endoplasmic reticulum stress","32/33","279/28928",0.114695340501792,100.542630607147,56.4616804670085,1.64663684270695e-64,2.40408979035214e-61,1.16824550735209e-61,"27061/224045/12028/56085/69232/71472/12048/19053/216157/70231/18024/80280/22433/71853/13665/64136/18453/12304/14828/14827/28146/12371/64209/26926/22393/17872/216440/12608/20747/22059/14251/77006",32
"GO:0035967","cellular response to topologically incorrect protein","15/33","106/28928",0.141509433962264,124.048027444254,42.8906719361736,1.00659522615896e-28,7.34814515096041e-26,3.57076411805863e-26,"12028/69232/18024/80280/22433/71853/13665/64136/14828/28146/64209/22393/17872/216440/77006",15
"GO:0030968","endoplasmic reticulum unfolded protein response","14/33","77/28928",0.181818181818182,159.382920110193,47.0295248875343,2.01358191385039e-28,9.79943198073855e-26,4.76194459626372e-26,"12028/69232/18024/80280/22433/71853/13665/14828/28146/64209/22393/17872/216440/77006",14
"GO:1905897","regulation of response to endoplasmic reticulum stress","14/33","84/28928",0.166666666666667,146.10101010101,45.0069573251133,7.5753094428849e-28,2.76498794665299e-25,1.34362067486958e-25,"27061/12028/56085/71472/12048/216157/22433/71853/14828/64209/22393/17872/20747/77006",14
"GO:0034620","cellular response to unfolded protein","14/33","90/28928",0.155555555555556,136.360942760943,43.4639682504383,2.14946227195991e-27,6.27642983412294e-25,3.04997383431785e-25,"12028/69232/18024/80280/22433/71853/13665/14828/28146/64209/22393/17872/216440/77006",14
"GO:0035966","response to topologically incorrect protein","15/33","137/28928",0.109489051094891,95.9787657597877,37.6578697358557,5.91840707949526e-27,1.44014572267718e-24,6.99825679224527e-25,"12028/69232/18024/80280/22433/71853/13665/64136/14828/28146/64209/22393/17872/216440/77006",15
"GO:0006986","response to unfolded protein","14/33","119/28928",0.117647058823529,103.130124777184,37.7277208231924,1.38133632386539e-25,2.88107290406209e-23,1.40003110118086e-23,"12028/69232/18024/80280/22433/71853/13665/14828/28146/64209/22393/17872/216440/77006",14
"GO:0070059","intrinsic apoptotic signaling pathway in response to endoplasmic reticulum stress","11/33","68/28928",0.161764705882353,141.803921568627,39.2842405711226,9.60545513867743e-22,1.75299556280863e-19,8.51852205719551e-20,"12028/69232/12048/22433/12371/64209/26926/22393/12608/20747/22059",11
"GO:0097193","intrinsic apoptotic signaling pathway","15/33","343/28928",0.043731778425656,38.3355420090114,23.5070288617648,8.10248269866773e-21,1.31440274889499e-18,6.3872202794176e-19,"27061/12028/56085/69232/12048/18024/22433/18453/12371/64209/26926/22393/12608/20747/22059",15
"GO:1905898","positive regulation of response to endoplasmic reticulum stress","8/33","37/28928",0.216216216216216,189.536445536446,38.7803932169636,4.31426030843395e-17,6.29882005031356e-15,3.06085415566787e-15,"27061/12028/56085/216157/22433/64209/22393/20747",8
"GO:2001242","regulation of intrinsic apoptotic signaling pathway","11/33","194/28928",0.0567010309278351,49.7044673539519,23.0021768270324,1.57730358983971e-16,2.09351203742362e-14,1.01732308091097e-14,"27061/12028/56085/12048/18024/22433/18453/64209/22393/20747/22059",11
"GO:0036503","ERAD pathway","9/33","111/28928",0.0810810810810811,71.0761670761671,24.9979712287419,4.62453574999763e-15,5.62651849583045e-13,2.73415534692843e-13,"27061/56085/71472/216157/64136/14828/64209/22393/216440",9
"GO:1903573","negative regulation of response to endoplasmic reticulum stress","7/33","43/28928",0.162790697674419,142.703312191684,31.4250054593203,3.98131681231372e-14,4.41512267558581e-12,2.14548859649952e-12,"12048/22433/71853/14828/64209/22393/77006",7
"GO:2001233","regulation of apoptotic signaling pathway","12/33","447/28928",0.0268456375838926,23.5330486068741,16.225325443599,4.233679277959e-14,4.41512267558581e-12,2.14548859649952e-12,"27061/12028/56085/12048/18024/22433/18453/14827/64209/22393/20747/22059",12
"GO:0006984","ER-nucleus signaling pathway","7/33","45/28928",0.155555555555556,136.360942760943,30.7097156760351,5.59786769643003e-14,5.44859122452523e-12,2.64769321220621e-12,"69232/18024/13665/14828/22393/22059/77006",7
"GO:1900101","regulation of endoplasmic reticulum unfolded protein response","6/33","27/28928",0.222222222222222,194.801346801347,34.0470553080476,3.96298399906022e-13,3.40350390507525e-11,1.65390168134154e-11,"12028/22433/71853/14828/22393/77006",6
"GO:1904292","regulation of ERAD pathway","6/33","27/28928",0.222222222222222,194.801346801347,34.0470553080476,3.96298399906022e-13,3.40350390507525e-11,1.65390168134154e-11,"27061/56085/71472/216157/64209/22393",6
"GO:1900102","negative regulation of endoplasmic reticulum unfolded protein response","5/33","15/28928",0.333333333333333,292.20202020202,38.1233234067735,4.18941271638261e-12,3.39807920328811e-10,1.65126559698355e-10,"22433/71853/14828/22393/77006",5
"GO:1904294","positive regulation of ERAD pathway","5/33","20/28928",0.25,219.151515151515,32.9808258892146,2.15421436016824e-11,1.65534366623454e-09,8.04399157204096e-10,"27061/56085/216157/64209/22393",5
"GO:0045862","positive regulation of proteolysis","9/33","339/28928",0.0265486725663717,23.2727272727273,13.9402667548618,1.12894523800495e-10,8.24130023743611e-09,4.0047846863965e-09,"27061/12028/56085/216157/12371/64209/26926/22393/77006",9
"GO:1902235","regulation of endoplasmic reticulum stress-induced intrinsic apoptotic signaling pathway","5/33","31/28928",0.161290322580645,141.3880742913,26.4290774184299,2.33997170791522e-10,1.62683747312201e-08,7.90546832649051e-09,"12048/22433/64209/22393/20747",5
"GO:0070972","protein localization to endoplasmic reticulum","6/33","82/28928",0.0731707317073171,64.1419068736142,19.3499184175401,4.48591861135941e-10,2.97701871481124e-08,1.44665509284988e-08,"27061/14828/64209/17872/216440/77006",6
"GO:0061136","regulation of proteasomal protein catabolic process","7/33","196/28928",0.0357142857142857,31.3073593073593,14.3876718134975,2.16649392673794e-09,1.375252666538e-07,6.68291490444564e-08,"27061/56085/71472/216157/64209/22393/77006",7
"GO:1904019","epithelial cell apoptotic process","6/33","108/28928",0.0555555555555556,48.7003367003367,16.7835432644063,2.40089761458037e-09,1.46054604886973e-07,7.09739031678583e-08,"12028/12048/13665/12371/22393/20747",6
"GO:1901800","positive regulation of proteasomal protein catabolic process","6/33","111/28928",0.0540540540540541,47.3841113841114,16.5464055788109,2.83407630051524e-09,1.6551005595009e-07,8.04281021704113e-08,"27061/56085/216157/64209/22393/77006",6
"GO:0036499","PERK-mediated unfolded protein response","4/33","17/28928",0.235294117647059,206.260249554367,28.6084991611154,3.30377185755662e-09,1.85519496616641e-07,9.01515073681442e-08,"69232/18024/13665/77006",4
"GO:1902236","negative regulation of endoplasmic reticulum stress-induced intrinsic apoptotic signaling pathway","4/33","19/28928",0.210526315789474,184.548644338118,27.0463563297984,5.37180115679266e-09,2.90475173663603e-07,1.41153761390965e-07,"12048/22433/64209/22393",4
"GO:1903050","regulation of proteolysis involved in protein catabolic process","7/33","233/28928",0.0300429184549356,26.3358043958902,13.1222063156228,7.18301955824051e-09,3.66260278801147e-07,1.77980842041797e-07,"27061/56085/71472/216157/64209/22393/77006",7
"GO:0042176","regulation of protein catabolic process","8/33","372/28928",0.021505376344086,18.85174323884,11.7111820843276,7.27503293509128e-09,3.66260278801147e-07,1.77980842041797e-07,"27061/56085/71472/216157/80280/64209/22393/77006",8
"GO:1903052","positive regulation of proteolysis involved in protein catabolic process","6/33","131/28928",0.0458015267175573,40.1498959056211,15.1771405023703,7.69805210060442e-09,3.74638535562748e-07,1.82052179502013e-07,"27061/56085/216157/64209/22393/77006",6
"GO:0002931","response to ischemia","5/33","66/28928",0.0757575757575758,66.4095500459137,17.9782426002898,1.19648244373634e-08,5.63504634791955e-07,2.73829937887367e-07,"12048/18024/12371/26926/22059",5
"GO:0140467","integrated stress response signaling","4/33","26/28928",0.153846153846154,134.862470862471,23.0769750764149,2.06033643194037e-08,9.40028497072796e-07,4.56798274713096e-07,"69232/18024/13665/77006",4
"GO:0071456","cellular response to hypoxia","6/33","162/28928",0.037037037037037,32.4668911335578,13.5727836076645,2.74668972540159e-08,1.21520212093525e-06,5.90516387534504e-07,"56085/71472/18024/18453/26926/22059",6
"GO:0097194","execution phase of apoptosis","5/33","86/28928",0.0581395348837209,50.9654686398872,15.6820856984836,4.58788162840368e-08,1.97009034631452e-06,9.57347435772162e-07,"12028/12048/80280/26926/22059",5
"GO:0036294","cellular response to decreased oxygen levels","6/33","192/28928",0.03125,27.3939393939394,12.4004941076894,7.54207922571431e-08,3.14612447701226e-06,1.52883049567863e-06,"56085/71472/18024/18453/26926/22059",6
"GO:0043523","regulation of neuron apoptotic process","7/33","331/28928",0.0211480362537764,18.5384967499771,10.8453468051829,7.97498036010457e-08,3.23429759048685e-06,1.57167741599722e-06,"12028/12048/12371/26926/22393/12608/22059",7
"GO:0001666","response to hypoxia","7/33","343/28928",0.0204081632653061,17.8899196042053,10.6341519700749,1.01588300539932e-07,4.00861942671083e-06,1.94795205018248e-06,"56085/71472/18024/18453/12371/26926/22059",7
"GO:0045732","positive regulation of protein catabolic process","6/33","205/28928",0.0292682926829268,25.6567627494457,11.9727911290404,1.1113942074966e-07,4.2700935340659e-06,2.07501300790225e-06,"27061/56085/216157/64209/22393/77006",6
"GO:0071453","cellular response to oxygen levels","6/33","210/28928",0.0285714285714286,25.0458874458874,11.8187264290392,1.28140994784336e-07,4.79707313808028e-06,2.33109394020628e-06,"56085/71472/18024/18453/26926/22059",6
"GO:2001243","negative regulation of intrinsic apoptotic signaling pathway","5/33","110/28928",0.0454545454545455,39.8457300275482,13.7944703472166,1.58139067066827e-07,5.74778002621705e-06,2.79308128166568e-06,"12048/18024/22433/64209/22393",5
"GO:1903894","regulation of IRE1-mediated unfolded protein response","3/33","10/28928",0.3,262.981818181818,28.0016964591302,1.61410261010205e-07,5.74778002621705e-06,2.79308128166568e-06,"71853/14828/77006",3
"GO:0036293","response to decreased oxygen levels","7/33","379/28928",0.0184696569920844,16.1906132565763,10.059972187282,1.99725960454925e-07,6.94285481581404e-06,3.37381697610574e-06,"56085/71472/18024/18453/12371/26926/22059",7
"GO:0051402","neuron apoptotic process","7/33","398/28928",0.0175879396984925,15.4176945332724,9.78777074417834,2.77821358366047e-07,9.33232161342164e-06,4.53495657350121e-06,"12028/12048/12371/26926/22393/12608/22059",7
"GO:0043200","response to amino acid","6/33","240/28928",0.025,21.9151515151515,10.9954705114243,2.81269321973148e-07,9.33232161342164e-06,4.53495657350121e-06,"12048/18024/22433/13665/26926/12608",6
"GO:0008637","apoptotic mitochondrial changes","5/33","124/28928",0.0403225806451613,35.347018572825,12.9530130991546,2.87640049728749e-07,9.33232161342164e-06,4.53495657350121e-06,"12028/12048/19053/26926/22059",5
"GO:2001234","negative regulation of apoptotic signaling pathway","6/33","257/28928",0.0233463035019455,20.4655111425539,10.5927390077695,4.20094667169161e-07,1.33334394362386e-05,6.47926328768911e-06,"12028/12048/18024/22433/64209/22393",6
"GO:2000674","regulation of type B pancreatic cell apoptotic process","3/33","14/28928",0.214285714285714,187.844155844156,23.6312538935357,4.88089792966026e-07,1.49528379957276e-05,7.2661952481041e-06,"13665/22393/20747",3
"GO:0001101","response to acid chemical","6/33","264/28928",0.0227272727272727,19.9228650137741,10.4380116088477,4.91600153284194e-07,1.49528379957276e-05,7.2661952481041e-06,"12048/18024/22433/13665/26926/12608",6
"GO:0042149","cellular response to glucose starvation","4/33","58/28928",0.0689655172413793,60.4555903866249,15.3172435949176,5.6988819850579e-07,1.69125724300926e-05,8.21851032291452e-06,"18024/22433/14828/22059",4
"GO:0070482","response to oxygen levels","7/33","444/28928",0.0157657657657658,13.8203658203658,9.20001917454882,5.79197685962077e-07,1.69125724300926e-05,8.21851032291452e-06,"56085/71472/18024/18453/12371/26926/22059",7
"GO:0031669","cellular response to nutrient levels","6/33","275/28928",0.0218181818181818,19.1259504132231,10.2065602345564,6.23947282164462e-07,1.7862020234512e-05,8.67988582412481e-06,"18024/22433/13665/14828/14827/22059",6
"GO:0072594","establishment of protein localization to organelle","7/33","459/28928",0.0152505446623094,13.3687198785238,9.02697643660528,7.23345304329626e-07,2.03093104677164e-05,9.86912419267547e-06,"27061/12028/22433/14828/64209/26926/22059",7
"GO:0036498","IRE1-mediated unfolded protein response","3/33","16/28928",0.1875,164.363636363636,22.0888768540987,7.4973993232155e-07,2.06532132299899e-05,1.00362406034702e-05,"71853/14828/77006",3
"GO:0097050","type B pancreatic cell apoptotic process","3/33","17/28928",0.176470588235294,154.695187165775,21.4215301922593,9.09690538135263e-07,2.45953367718053e-05,1.19518795848571e-05,"13665/22393/20747",3
"GO:1904035","regulation of epithelial cell apoptotic process","4/33","72/28928",0.0555555555555556,48.7003367003367,13.6951548288817,1.36645926056429e-06,3.62732821895248e-05,1.76266706530207e-05,"12028/13665/22393/20747",4
"GO:2001244","positive regulation of intrinsic apoptotic signaling pathway","4/33","73/28928",0.0547945205479452,48.0332088003321,13.5973043398527,1.4445151017518e-06,3.76605722956719e-05,1.8300811627457e-05,"27061/12028/20747/22059",4
"GO:2001235","positive regulation of apoptotic signaling pathway","5/33","183/28928",0.0273224043715847,23.9509852624607,10.5255073971912,1.97162424051326e-06,5.05012524763046e-05,2.45406230490478e-05,"27061/12028/14827/20747/22059",5
"GO:0006457","protein folding","5/33","185/28928",0.027027027027027,23.6920556920557,10.4638372415735,2.07963154944794e-06,5.16505613305029e-05,2.50991192045847e-05,"64136/18453/12304/14828/14827",5
"GO:0001541","ovarian follicle development","4/33","80/28928",0.05,43.830303030303,12.9638979670947,2.08724871130115e-06,5.16505613305029e-05,2.50991192045847e-05,"224045/12028/12048/12608",4
"GO:0071478","cellular response to radiation","5/33","189/28928",0.0264550264550265,23.1906365239699,10.3433722310331,2.30960743341022e-06,5.62004475463154e-05,2.73100949143594e-05,"12028/12048/13665/12371/22059",5
"GO:1904037","positive regulation of epithelial cell apoptotic process","3/33","25/28928",0.12,105.192727272727,17.612997245538,3.0578071527545e-06,7.3186859721665e-05,3.55644869880333e-05,"12028/13665/20747",3
"GO:0031647","regulation of protein stability","6/33","363/28928",0.0165289256198347,14.4893563736539,8.74026791099586,3.11662323253027e-06,7.33914503144226e-05,3.56639059206351e-05,"71472/22433/22393/22059/14251/77006",6
"GO:0009267","cellular response to starvation","5/33","204/28928",0.0245098039215686,21.4854426619133,9.92282417173631,3.35607957133451e-06,7.77758122880696e-05,3.77944466345774e-05,"18024/22433/13665/14828/22059",5
"GO:0050878","regulation of body fluid levels","6/33","373/28928",0.0160857908847185,14.100901779186,8.60620808838518,3.6432645966617e-06,8.31119736113451e-05,4.03875055616774e-05,"18024/22433/71853/12304/14827/22393",6
"GO:0030970","retrograde protein transport, ER to cytosol","3/33","28/28928",0.107142857142857,93.9220779220779,16.6244132308928,4.34523076120791e-06,9.4687118080053e-05,4.6012341446255e-05,"27061/64209/216440",3
"GO:0032469","endoplasmic reticulum calcium ion homeostasis","3/33","28/28928",0.107142857142857,93.9220779220779,16.6244132308928,4.34523076120791e-06,9.4687118080053e-05,4.6012341446255e-05,"12028/64209/22393",3
"GO:1903513","endoplasmic reticulum to cytosol transport","3/33","28/28928",0.107142857142857,93.9220779220779,16.6244132308928,4.34523076120791e-06,9.4687118080053e-05,4.6012341446255e-05,"27061/64209/216440",3
"GO:0034644","cellular response to UV","4/33","97/28928",0.0412371134020619,36.1487035301468,11.7182468667055,4.51070494343347e-06,9.68474884913657e-05,4.7062153744182e-05,"12028/13665/12371/22059",4
"GO:0031396","regulation of protein ubiquitination","5/33","219/28928",0.0228310502283105,20.0138370001384,9.54509180091157,4.74369908056507e-06,0.000100373922574275,4.87757922242694e-05,"56085/80280/14828/64209/22393",5
"GO:0043525","positive regulation of neuron apoptotic process","4/33","104/28928",0.0384615384615385,33.7156177156177,11.2951496220968,5.9525612611621e-06,0.000124153420589952,6.03312224063648e-05,"12028/12371/26926/22059",4
"GO:0030262","apoptotic nuclear changes","3/33","33/28928",0.0909090909090909,79.6914600550964,15.2851794663759,7.20866162973662e-06,0.000148234450414302,7.20331792207929e-05,"12028/80280/26926",3
"GO:0006921","cellular component disassembly involved in execution phase of apoptosis","3/33","34/28928",0.0882352941176471,77.3475935828877,15.0531814150645,7.90012847467402e-06,0.000160197049625334,7.78462952036592e-05,"12028/80280/26926",3
"GO:0042594","response to starvation","5/33","244/28928",0.0204918032786885,17.9632389468455,8.99251465499833,8.01918051468368e-06,0.000160383610293674,7.79369526589301e-05,"18024/22433/13665/14828/22059",5
"GO:0022411","cellular component disassembly","6/33","433/28928",0.0138568129330254,12.1469661977745,7.89793617937866,8.54361759549711e-06,0.000166294340017712,8.08092178600848e-05,"12028/56085/80280/26926/14251/77006",6
"GO:0008630","intrinsic apoptotic signaling pathway in response to DNA damage","4/33","114/28928",0.0350877192982456,30.7581073896863,10.7585384117173,8.5694517950547e-06,0.000166294340017712,8.08092178600848e-05,"12028/12048/12371/22059",4
"GO:0006979","response to oxidative stress","6/33","434/28928",0.0138248847926267,12.1189777963972,7.88733589019727,8.65641769955211e-06,0.000166294340017712,8.08092178600848e-05,"19053/18024/22433/13665/26926/22059",6
"GO:0071482","cellular response to light stimulus","4/33","117/28928",0.0341880341880342,29.969437969438,10.6108738805915,9.49796180134783e-06,0.000180091223765816,8.75136876843259e-05,"12028/13665/12371/22059",4
"GO:1903320","regulation of protein modification by small protein conjugation or removal","5/33","255/28928",0.0196078431372549,17.1883541295306,8.77472546277247,9.92653889188899e-06,0.000185804445925102,9.02899758857379e-05,"56085/80280/14828/64209/22393",5
"GO:0031398","positive regulation of protein ubiquitination","4/33","121/28928",0.0330578512396694,28.9787127473078,10.4224235129078,1.08489156226294e-05,0.000198976981749844,9.66910495309264e-05,"56085/80280/14828/22393",4
"GO:1901873","regulation of post-translational protein modification","5/33","260/28928",0.0192307692307692,16.8578088578089,8.68017484350531,1.09028483150599e-05,0.000198976981749844,9.66910495309264e-05,"56085/80280/14828/64209/22393",5
"GO:0034599","cellular response to oxidative stress","5/33","261/28928",0.0191570881226054,16.7932195518402,8.66158001288067,1.11068136612031e-05,0.000200196888214278,9.72838519512785e-05,"18024/22433/13665/26926/22059",5
"GO:0035794","positive regulation of mitochondrial membrane permeability","3/33","39/28928",0.0769230769230769,67.4312354312354,14.0292901266557,1.20185707203399e-05,0.000213989185996296,0.000103986093267126,"12028/12048/22059",3
"GO:1902175","regulation of oxidative stress-induced intrinsic apoptotic signaling pathway","3/33","40/28928",0.075,65.7454545454545,13.8477068286489,1.29829513897659e-05,0.000228374807579014,0.000110976654872571,"56085/18024/18453",3
"GO:1902108","regulation of mitochondrial membrane permeability involved in apoptotic process","3/33","41/28928",0.0731707317073171,64.1419068736142,13.6727451626726,1.39970347227941e-05,0.000243281793991421,0.000118220568961945,"12028/12048/22059",3
"GO:0008585","female gonad development","4/33","135/28928",0.0296296296296296,25.9735129068462,9.82879734753879,1.67101051991877e-05,0.000287020630480164,0.000139475057637802,"224045/12028/12048/12608",4
"GO:0032527","protein exit from endoplasmic reticulum","3/33","44/28928",0.0681818181818182,59.7685950413223,13.1837906088358,1.73494257320579e-05,0.00029453676242796,0.000143127453407675,"27061/64209/216440",3
"GO:0046545","development of primary female sexual characteristics","4/33","138/28928",0.0289855072463768,25.4088713219148,9.71323121785338,1.82197592398905e-05,0.000305756879198162,0.00014857976682016,"224045/12028/12048/12608",4
"GO:1905710","positive regulation of membrane permeability","3/33","45/28928",0.0666666666666667,58.440404040404,13.0316651200687,1.8574225335188e-05,0.000308163283970165,0.000149749137271731,"12028/12048/22059",3
"GO:0006605","protein targeting","5/33","303/28928",0.0165016501650165,14.4654465446545,7.96281535202089,2.27607651119786e-05,0.000373378843409986,0.00018144004358928,"27061/14828/64209/26926/216440",5
"GO:0016241","regulation of macroautophagy","4/33","147/28928",0.0272108843537415,23.8532261389404,9.38751325178803,2.33526878444951e-05,0.000378832491699586,0.000184090194236136,"56085/80280/22059/77006",4
"GO:1903322","positive regulation of protein modification by small protein conjugation or removal","4/33","148/28928",0.027027027027027,23.6920556920557,9.35312249042301,2.39821366285186e-05,0.000384768345908101,0.000186974668451377,"56085/80280/14828/22393",4
"GO:1901875","positive regulation of post-translational protein modification","4/33","149/28928",0.0268456375838926,23.5330486068741,9.31906962530491,2.46239611077883e-05,0.000390771556710554,0.000189891873989123,"56085/80280/14828/22393",4
"GO:0090199","regulation of release of cytochrome c from mitochondria","3/33","50/28928",0.06,52.5963636363636,12.3400767078312,2.55562085714718e-05,0.000401204994777945,0.000194961908060804,"12028/12048/22059",3
"GO:0010506","regulation of autophagy","5/33","319/28928",0.0156739811912226,13.7399069060511,7.73228005810399,2.91095323272968e-05,0.000452126778700567,0.000219706884530773,"56085/80280/22433/22059/77006",5
"GO:0031670","cellular response to nutrient","3/33","53/28928",0.0566037735849057,49.6192109777015,11.972426050882,3.04737440347704e-05,0.000468333329376471,0.000227582310021443,"18024/22433/14827",3
"GO:0016236","macroautophagy","5/33","323/28928",0.0154798761609907,13.5697532601557,7.67722654334093,3.08930005659342e-05,0.000469831050273582,0.000228310113831575,"56085/80280/13665/22059/77006",5
"GO:0010952","positive regulation of peptidase activity","4/33","159/28928",0.0251572327044025,22.0529826567562,8.99595201202422,3.17567532178959e-05,0.000477988244310598,0.00023227402787696,"12028/12371/26926/77006",4
"GO:0097300","programmed necrotic cell death","3/33","54/28928",0.0555555555555556,48.7003367003367,11.856654553121,3.22412489683804e-05,0.000480328811161586,0.000233411404991283,"12028/26926/22059",3
"GO:0030183","B cell differentiation","4/33","161/28928",0.0248447204968944,21.7790325616413,8.93487113763013,3.33473482775819e-05,0.000491789176618884,0.000238980465062097,"12028/22433/22059/77006",4
"GO:0009411","response to UV","4/33","164/28928",0.024390243902439,21.3806356245381,8.84529510510278,3.58417329030378e-05,0.000518108218202329,0.000251769963279286,"12028/13665/12371/22059",4
"GO:0071887","leukocyte apoptotic process","4/33","164/28928",0.024390243902439,21.3806356245381,8.84529510510278,3.58417329030378e-05,0.000518108218202329,0.000251769963279286,"12028/12048/12371/22059",4
"GO:0010332","response to gamma radiation","3/33","57/28928",0.0526315789473684,46.1371610845295,11.5275781013751,3.79447662294914e-05,0.000543130967598603,0.000263929540130828,"12028/12048/22059",3
"GO:0046660","female sex differentiation","4/33","169/28928",0.0236686390532544,20.7480724403801,8.70118679081714,4.02991864478571e-05,0.000571231186542441,0.000277584585241244,"224045/12028/12048/12608",4
"GO:0046902","regulation of mitochondrial membrane permeability","3/33","59/28928",0.0508474576271186,44.5731895223421,11.3220952715311,4.20926397733527e-05,0.000590915904510529,0.000287150194405261,"12028/12048/22059",3
"GO:0062197","cellular response to chemical stress","5/33","347/28928",0.0144092219020173,12.6312112479259,7.36628112733991,4.34515780802315e-05,0.00060418384759179,0.000293597630336602,"18024/22433/13665/26926/22059",5
"GO:0008631","intrinsic apoptotic signaling pathway in response to oxidative stress","3/33","60/28928",0.05,43.830303030303,11.2231751938966,4.42736233763739e-05,0.000609806510655716,0.000296329912171559,"56085/18024/18453",3
"GO:0045861","negative regulation of proteolysis","5/33","353/28928",0.0141643059490085,12.4165164391793,7.29331813370304,4.7134533532952e-05,0.000643144102412242,0.000312530010833346,"71472/15370/17872/22059/77006",5
"GO:0043281","regulation of cysteine-type endopeptidase activity involved in apoptotic process","4/33","177/28928",0.0225988700564972,19.8103064543743,8.48307575342591,4.82573644667325e-05,0.000652368075198421,0.000317012316282434,"12028/15370/12371/26926",4
"GO:0070527","platelet aggregation","3/33","64/28928",0.046875,41.0909090909091,10.850629928849,5.37373374121823e-05,0.000719784519465929,0.000349772722509038,"71853/12304/14827",3
"GO:1900103","positive regulation of endoplasmic reticulum unfolded protein response","2/33","10/28928",0.2,175.321212121212,18.6321695989535,5.64640441443639e-05,0.000749431858643376,0.000364179576586615,"12028/22433",2
"GO:0006839","mitochondrial transport","4/33","186/28928",0.021505376344086,18.85174323884,8.25421790408491,5.85208444951575e-05,0.000769733630296666,0.000374045037361177,"12028/12048/26926/22059",4
"GO:0007596","blood coagulation","4/33","188/28928",0.0212765957446809,18.6511927788524,8.20553532030345,6.10021086687637e-05,0.000795206059432099,0.000386423131980703,"18024/71853/12304/14827",4
"GO:0007599","hemostasis","4/33","192/28928",0.0208333333333333,18.2626262626263,8.11038822427908,6.61939330723411e-05,0.000851262170045427,0.000413663087678888,"18024/71853/12304/14827",4
"GO:0061077","chaperone-mediated protein folding","3/33","69/28928",0.0434782608695652,38.1133069828722,10.4306381257635,6.73146479913859e-05,0.000851262170045427,0.000413663087678888,"64136/12304/14828",3
"GO:0050817","coagulation","4/33","193/28928",0.0207253886010363,18.1680012560842,8.08704963235918,6.75407009411369e-05,0.000851262170045427,0.000413663087678888,"18024/71853/12304/14827",4
"GO:0006417","regulation of translation","5/33","381/28928",0.0131233595800525,11.5040165433866,6.97485150244514,6.76345285789518e-05,0.000851262170045427,0.000413663087678888,"224045/13665/28146/22393/17872",5
"GO:0034616","response to laminar fluid shear stress","2/33","11/28928",0.181818181818182,159.382920110193,17.7551926626792,6.89623280658618e-05,0.000860555546804772,0.000418179119355743,"18024/22433",2
"GO:0006919","activation of cysteine-type endopeptidase activity involved in apoptotic process","3/33","70/28928",0.0428571428571429,37.5688311688312,10.3520009510874,7.02741190891097e-05,0.000869493337882205,0.000422522357413559,"12028/12371/26926",3
"GO:0001836","release of cytochrome c from mitochondria","3/33","71/28928",0.0422535211267606,37.0396927016645,10.2750035880652,7.33174663800855e-05,0.000899525217772478,0.000437116075543367,"12028/12048/22059",3
"GO:0071230","cellular response to amino acid stimulus","4/33","198/28928",0.0202020202020202,17.709213345577,7.97293281848007,7.45764232992968e-05,0.000907346483474778,0.000440916748278299,"12048/18024/22433/12608",4
"GO:0042060","wound healing","5/33","394/28928",0.0126903553299492,11.1244423934779,6.83809632884213,7.92205169935626e-05,0.000947592123909371,0.000460473750190999,"18024/22433/71853/12304/14827",5
"GO:0007517","muscle organ development","5/33","395/28928",0.0126582278481013,11.096279248178,6.82784261648593,8.01712978964227e-05,0.000947592123909371,0.000460473750190999,"71472/22433/15370/28146/14251",5
"GO:0002317","plasma cell differentiation","2/33","12/28928",0.166666666666667,146.10101010101,16.9898392208454,8.26957019390862e-05,0.000947592123909371,0.000460473750190999,"22433/77006",2
"GO:1903332","regulation of protein folding","2/33","12/28928",0.166666666666667,146.10101010101,16.9898392208454,8.26957019390862e-05,0.000947592123909371,0.000460473750190999,"12304/14827",2
"GO:1904152","regulation of retrograde protein transport, ER to cytosol","2/33","12/28928",0.166666666666667,146.10101010101,16.9898392208454,8.26957019390862e-05,0.000947592123909371,0.000460473750190999,"27061/216440",2
"GO:0006446","regulation of translational initiation","3/33","74/28928",0.0405405405405405,35.5380835380835,10.0532943880945,8.29615588674629e-05,0.000947592123909371,0.000460473750190999,"224045/13665/17872",3
"GO:0071214","cellular response to abiotic stimulus","5/33","398/28928",0.0125628140703518,11.0126389523374,6.79730135657585,8.30765697673969e-05,0.000947592123909371,0.000460473750190999,"12028/12048/13665/12371/22059",5
"GO:0104004","cellular response to environmental stimulus","5/33","398/28928",0.0125628140703518,11.0126389523374,6.79730135657585,8.30765697673969e-05,0.000947592123909371,0.000460473750190999,"12028/12048/13665/12371/22059",5
"GO:0052547","regulation of peptidase activity","5/33","400/28928",0.0125,10.9575757575758,6.77712147778163,8.50580886689185e-05,0.000958039988014188,0.000465550794463996,"12028/15370/12371/26926/77006",5
"GO:2000116","regulation of cysteine-type endopeptidase activity","4/33","205/28928",0.0195121951219512,17.1045084996305,7.82000128975835,8.53049304396195e-05,0.000958039988014188,0.000465550794463996,"12028/15370/12371/26926",4
"GO:0090559","regulation of membrane permeability","3/33","76/28928",0.0394736842105263,34.6028708133971,9.91271306084203,8.98300589638224e-05,0.00100115943578001,0.000486504296839022,"12028/12048/22059",3
"GO:0006983","ER overload response","2/33","13/28928",0.153846153846154,134.862470862471,16.3142169446564,9.76615027286363e-05,0.0010484249557633,0.000509472545194279,"14828/22059",2
"GO:0034139","regulation of toll-like receptor 3 signaling pathway","2/33","13/28928",0.153846153846154,134.862470862471,16.3142169446564,9.76615027286363e-05,0.0010484249557633,0.000509472545194279,"56085/14251",2
"GO:0035437","maintenance of protein localization in endoplasmic reticulum","2/33","13/28928",0.153846153846154,134.862470862471,16.3142169446564,9.76615027286363e-05,0.0010484249557633,0.000509472545194279,"14828/216440",2
"GO:0036490","regulation of translation in response to endoplasmic reticulum stress","2/33","13/28928",0.153846153846154,134.862470862471,16.3142169446564,9.76615027286363e-05,0.0010484249557633,0.000509472545194279,"13665/17872",2
"GO:1902510","regulation of apoptotic DNA fragmentation","2/33","13/28928",0.153846153846154,134.862470862471,16.3142169446564,9.76615027286363e-05,0.0010484249557633,0.000509472545194279,"12028/26926",2
"GO:0071229","cellular response to acid chemical","4/33","213/28928",0.0187793427230047,16.4620856451842,7.65421724291272,9.88951937648877e-05,0.00105391958318785,0.00051214260927802,"12048/18024/22433/12608",4
"GO:0050821","protein stabilization","4/33","220/28928",0.0181818181818182,15.9382920110193,7.51636972606974,0.000112022298499883,0.00118516344789731,0.000575919368336546,"71472/22393/22059/14251",4
"GO:0043524","negative regulation of neuron apoptotic process","4/33","221/28928",0.0180995475113122,15.8661730426436,7.49719374577841,0.000113995827338019,0.00119736624398207,0.000581849205799507,"12028/12048/22393/12608",4
"GO:0031329","regulation of cellular catabolic process","5/33","428/28928",0.0116822429906542,10.2407250070801,6.50882835980232,0.000116819217873211,0.00121825755782063,0.000592001149222137,"56085/80280/22433/22059/77006",5
"GO:0000302","response to reactive oxygen species","4/33","223/28928",0.0179372197309417,15.7238755265661,7.4592147665076,0.000118018492302381,0.00122203545220905,0.000593836982544269,"19053/18024/26926/22059",4
"GO:0043558","regulation of translational initiation in response to stress","2/33","15/28928",0.133333333333333,116.880808080808,15.1707791039296,0.000131279753670235,0.00134033874376603,0.0006513253881026,"13665/17872",2
"GO:1903624","regulation of DNA catabolic process","2/33","15/28928",0.133333333333333,116.880808080808,15.1707791039296,0.000131279753670235,0.00134033874376603,0.0006513253881026,"12028/26926",2
"GO:0006836","neurotransmitter transport","4/33","240/28928",0.0166666666666667,14.610101010101,7.15507435868494,0.00015649305155267,0.00158666566157568,0.000771025707211256,"12048/22433/15370/14251",4
"GO:0034109","homotypic cell-cell adhesion","3/33","93/28928",0.032258064516129,28.27761485826,8.90400115940771,0.000163641539814845,0.00164770102158396,0.00080068528374015,"71853/12304/14827",3
"GO:0009314","response to radiation","5/33","474/28928",0.0105485232067511,9.24689937348165,6.11794433294954,0.000187939235980985,0.00187939235980985,0.000913273576432473,"12028/12048/13665/12371/22059",5
"GO:0072655","establishment of protein localization to mitochondrion","3/33","99/28928",0.0303030303030303,26.5638200183655,8.61045056749377,0.000196875340700714,0.00195536052668737,0.000950189614266248,"27061/12028/26926",3
"GO:0030512","negative regulation of transforming growth factor beta receptor signaling pathway","3/33","100/28928",0.03,26.2981818181818,8.56405348974614,0.000202806766227386,0.0019872340851811,0.000965678279316555,"22433/14828/22059",3
"GO:2000060","positive regulation of ubiquitin-dependent protein catabolic process","3/33","100/28928",0.03,26.2981818181818,8.56405348974614,0.000202806766227386,0.0019872340851811,0.000965678279316555,"27061/64209/77006",3
"GO:0030168","platelet activation","3/33","105/28928",0.0285714285714286,25.0458874458874,8.34186557115093,0.000234204600809591,0.00225877494596729,0.00109763108405332,"71853/12304/14827",3
"GO:0006309","apoptotic DNA fragmentation","2/33","20/28928",0.1,87.6606060606061,13.1016204858975,0.000236707237488353,0.00225877494596729,0.00109763108405332,"12028/26926",2
"GO:0045579","positive regulation of B cell differentiation","2/33","20/28928",0.1,87.6606060606061,13.1016204858975,0.000236707237488353,0.00225877494596729,0.00109763108405332,"22433/77006",2
"GO:0071498","cellular response to fluid shear stress","2/33","20/28928",0.1,87.6606060606061,13.1016204858975,0.000236707237488353,0.00225877494596729,0.00109763108405332,"18024/22433",2
"GO:0043280","positive regulation of cysteine-type endopeptidase activity involved in apoptotic process","3/33","108/28928",0.0277777777777778,24.3501683501683,8.21584474755825,0.000254470647899558,0.00241251393463217,0.00117233914343337,"12028/12371/26926",3
"GO:0035234","ectopic germ cell programmed cell death","2/33","21/28928",0.0952380952380952,83.4862914862915,12.7787164330072,0.000261437081424954,0.00243150105121366,0.00118156575956598,"12028/12048",2
"GO:0098761","cellular response to interleukin-7","2/33","21/28928",0.0952380952380952,83.4862914862915,12.7787164330072,0.000261437081424954,0.00243150105121366,0.00118156575956598,"18453/14827",2
"GO:0070585","protein localization to mitochondrion","3/33","109/28928",0.0275229357798165,24.1267723102586,8.17496945160657,0.000261469633589414,0.00243150105121366,0.00118156575956598,"27061/12028/26926",3
"GO:0034349","glial cell apoptotic process","2/33","22/28928",0.0909090909090909,79.6914600550964,12.4779218972274,0.000287375571139865,0.00260601449605095,0.00126636897645158,"12371/22059",2
"GO:0061709","reticulophagy","2/33","22/28928",0.0909090909090909,79.6914600550964,12.4779218972274,0.000287375571139865,0.00260601449605095,0.00126636897645158,"80280/77006",2
"GO:0070861","regulation of protein exit from endoplasmic reticulum","2/33","22/28928",0.0909090909090909,79.6914600550964,12.4779218972274,0.000287375571139865,0.00260601449605095,0.00126636897645158,"27061/216440",2
"GO:0098760","response to interleukin-7","2/33","22/28928",0.0909090909090909,79.6914600550964,12.4779218972274,0.000287375571139865,0.00260601449605095,0.00126636897645158,"18453/14827",2
"GO:0007006","mitochondrial membrane organization","3/33","114/28928",0.0263157894736842,23.0685805422648,7.97852055397585,0.000298334394843695,0.00268869269427033,0.00130654569281774,"12028/12048/22059",3
"GO:0042542","response to hydrogen peroxide","3/33","116/28928",0.0258620689655172,22.6708463949843,7.90342768122034,0.000313970368683367,0.00279999587749899,0.00136063245957774,"19053/18024/26926",3
"GO:0070230","positive regulation of lymphocyte apoptotic process","2/33","23/28928",0.0869565217391304,76.2266139657444,12.1968101450653,0.00031452008486975,0.00279999587749899,0.00136063245957774,"12028/22059",2
"GO:0008406","gonad development","4/33","296/28928",0.0135135135135135,11.8460278460278,6.33852264573364,0.00034785967344766,0.00307803104990051,0.00149574111581322,"224045/12028/12048/12608",4
"GO:0042177","negative regulation of protein catabolic process","3/33","121/28928",0.0247933884297521,21.7340345604808,7.72368948036723,0.000355350267961363,0.00312536982664813,0.00151874496262497,"71472/80280/77006",3
"GO:0045137","development of primary sexual characteristics","4/33","300/28928",0.0133333333333333,11.6880808080808,6.28871871882872,0.000365973015538114,0.00319952456697992,0.00155477978236804,"224045/12028/12048/12608",4
"GO:0043555","regulation of translation in response to stress","2/33","25/28928",0.08,70.1284848484849,11.6856506696248,0.000372416717799903,0.00321732785791633,0.00156343112922538,"13665/17872",2
"GO:0070242","thymocyte apoptotic process","2/33","25/28928",0.08,70.1284848484849,11.6856506696248,0.000372416717799903,0.00321732785791633,0.00156343112922538,"12028/22059",2
"GO:0052548","regulation of endopeptidase activity","4/33","310/28928",0.0129032258064516,11.311045943304,6.16823977572962,0.000414204303814762,0.00355728402099737,0.00172862972613715,"12028/15370/12371/26926",4
"GO:0010821","regulation of mitochondrion organization","3/33","128/28928",0.0234375,20.5454545454545,7.48948290870271,0.000418956368646718,0.00357705437558017,0.00173823694963304,"12028/12048/22059",3
"GO:2000106","regulation of leukocyte apoptotic process","3/33","129/28928",0.0232558139534884,20.3861874559549,7.45754491044486,0.000428598914925016,0.00363810706854956,0.00176790494895631,"12028/12048/22059",3
"GO:1900037","regulation of cellular response to hypoxia","2/33","27/28928",0.0740740740740741,64.9337822671156,11.2318983166428,0.000435106087947134,0.00367199357458275,0.00178437178750452,"71472/18024",2
"GO:2001056","positive regulation of cysteine-type endopeptidase activity","3/33","131/28928",0.0229007633587786,20.0749479528105,7.39473652377298,0.000448309830227158,0.00376168018466466,0.00182795417769573,"12028/12371/26926",3
"GO:0090200","positive regulation of release of cytochrome c from mitochondria","2/33","28/28928",0.0714285714285714,62.6147186147186,11.0233064763707,0.000468241538499897,0.003865241497418,0.00187827885310723,"12028/22059",2
"GO:1900117","regulation of execution phase of apoptosis","2/33","28/28928",0.0714285714285714,62.6147186147186,11.0233064763707,0.000468241538499897,0.003865241497418,0.00187827885310723,"12048/22059",2
"GO:0006413","translational initiation","3/33","133/28928",0.0225563909774436,19.7730690362269,7.33330713555532,0.000468594345919853,0.003865241497418,0.00187827885310723,"224045/13665/17872",3
"GO:0042113","B cell activation","4/33","323/28928",0.0123839009287926,10.8558026081246,6.0196272610116,0.000483500583573743,0.00396579130347002,0.00192714011430339,"12028/22433/22059/77006",4
"GO:0062098","regulation of programmed necrotic cell death","2/33","29/28928",0.0689655172413793,60.4555903866249,10.8254910609458,0.000502567368329727,0.00407637976534112,0.00198087956873822,"26926/22059",2
"GO:0071480","cellular response to gamma radiation","2/33","29/28928",0.0689655172413793,60.4555903866249,10.8254910609458,0.000502567368329727,0.00407637976534112,0.00198087956873822,"12048/22059",2
"GO:0044346","fibroblast apoptotic process","2/33","30/28928",0.0666666666666667,58.440404040404,10.6375481386482,0.000538080984236232,0.00434032175129778,0.00210913976955638,"12371/22059",2
"GO:0048641","regulation of skeletal muscle tissue development","2/33","31/28928",0.0645161290322581,56.55522971652,10.4586765976286,0.000574779797077585,0.00461087089963338,0.0022406106606726,"71472/14251",2
"GO:0032943","mononuclear cell proliferation","4/33","343/28928",0.0116618075801749,10.222811202403,5.80682313569114,0.000605733331571985,0.00483262657975464,0.00234837081092619,"12028/12048/12608/22059",4
"GO:0010623","programmed cell death involved in cell development","2/33","32/28928",0.0625,54.7878787878788,10.2881635764031,0.000612661221765076,0.00486133360748375,0.00236232072923147,"12028/12048",2
"GO:0009416","response to light stimulus","4/33","346/28928",0.0115606936416185,10.1341741110527,5.77641445282438,0.000625795524551425,0.00490939615588238,0.00238567628627594,"12028/13665/12371/22059",4
"GO:0017015","regulation of transforming growth factor beta receptor signaling pathway","3/33","147/28928",0.0204081632653061,17.8899196042053,6.93794141545493,0.000627224869610556,0.00490939615588238,0.00238567628627594,"22433/14828/22059",3
"GO:0006308","DNA catabolic process","2/33","33/28928",0.0606060606060606,53.1276400367309,10.1253723410673,0.000651722677257678,0.00490939615588238,0.00238567628627594,"12028/26926",2
"GO:0033598","mammary gland epithelial cell proliferation","2/33","33/28928",0.0606060606060606,53.1276400367309,10.1253723410673,0.000651722677257678,0.00490939615588238,0.00238567628627594,"12028/12608",2
"GO:0034138","toll-like receptor 3 signaling pathway","2/33","33/28928",0.0606060606060606,53.1276400367309,10.1253723410673,0.000651722677257678,0.00490939615588238,0.00238567628627594,"56085/14251",2
"GO:0034405","response to fluid shear stress","2/33","33/28928",0.0606060606060606,53.1276400367309,10.1253723410673,0.000651722677257678,0.00490939615588238,0.00238567628627594,"18024/22433",2
"GO:0051085","chaperone cofactor-dependent protein refolding","2/33","33/28928",0.0606060606060606,53.1276400367309,10.1253723410673,0.000651722677257678,0.00490939615588238,0.00238567628627594,"64136/14828",2
"GO:0072574","hepatocyte proliferation","2/33","33/28928",0.0606060606060606,53.1276400367309,10.1253723410673,0.000651722677257678,0.00490939615588238,0.00238567628627594,"22433/12608",2
"GO:0072575","epithelial cell proliferation involved in liver morphogenesis","2/33","33/28928",0.0606060606060606,53.1276400367309,10.1253723410673,0.000651722677257678,0.00490939615588238,0.00238567628627594,"22433/12608",2
"GO:0010950","positive regulation of endopeptidase activity","3/33","149/28928",0.0201342281879195,17.6497864551556,6.8859088678626,0.000652344420713138,0.00490939615588238,0.00238567628627594,"12028/12371/26926",3
"GO:1903844","regulation of cellular response to transforming growth factor beta stimulus","3/33","150/28928",0.02,17.5321212121212,6.86027025230191,0.000665141688202822,0.0049800352039801,0.00242000268744239,"22433/14828/22059",3
"GO:1902110","positive regulation of mitochondrial membrane permeability involved in apoptotic process","2/33","34/28928",0.0588235294117647,51.5650623885918,9.96973213796399,0.000691961586556615,0.0051544077365952,0.00250473742931879,"12028/12048",2
"GO:0043433","negative regulation of DNA-binding transcription factor activity","3/33","153/28928",0.0196078431372549,17.1883541295306,6.78481583590912,0.000704493224018704,0.00522111729475791,0.00253715433068986,"19053/80280/20747",3
"GO:0072344","rescue of stalled ribosome","2/33","35/28928",0.0571428571428571,50.0917748917749,9.82072965227188,0.000733375376699938,0.00540771742415106,0.00262783096169994,"80280/77006",2
"GO:0090101","negative regulation of transmembrane receptor protein serine/threonine kinase signaling pathway","3/33","156/28928",0.0192307692307692,16.8578088578089,6.71147181152496,0.00074530130359024,0.00546803971478267,0.00265714402866872,"22433/14828/22059",3
"GO:0010212","response to ionizing radiation","3/33","158/28928",0.0189873417721519,16.644418872267,6.66369891755087,0.000773326546577531,0.00555294037314103,0.00269840072926969,"12028/12048/22059",3
"GO:0002313","mature B cell differentiation involved in immune response","2/33","36/28928",0.0555555555555556,48.7003367003367,9.67790178051531,0.000775961478757102,0.00555294037314103,0.00269840072926969,"22433/77006",2
"GO:0072576","liver morphogenesis","2/33","36/28928",0.0555555555555556,48.7003367003367,9.67790178051531,0.000775961478757102,0.00555294037314103,0.00269840072926969,"22433/12608",2
"GO:1902686","mitochondrial outer membrane permeabilization involved in programmed cell death","2/33","36/28928",0.0555555555555556,48.7003367003367,9.67790178051531,0.000775961478757102,0.00555294037314103,0.00269840072926969,"12028/12048",2
"GO:2000108","positive regulation of leukocyte apoptotic process","2/33","36/28928",0.0555555555555556,48.7003367003367,9.67790178051531,0.000775961478757102,0.00555294037314103,0.00269840072926969,"12028/22059",2
"GO:0009895","negative regulation of catabolic process","4/33","367/28928",0.0108991825613079,9.55428948889439,5.57349465707085,0.000779693682530076,0.00555294037314103,0.00269840072926969,"71472/80280/22059/77006",4
"GO:0051345","positive regulation of hydrolase activity","4/33","368/28928",0.0108695652173913,9.52832674571805,5.56424132319567,0.000787630931201875,0.00558223863861523,0.00271263795416486,"12028/12371/26926/77006",4
"GO:0034614","cellular response to reactive oxygen species","3/33","161/28928",0.0186335403726708,16.3342744212309,6.5936547111284,0.000816610026072103,0.00570062810963599,0.00277016823784763,"18024/26926/22059",3
"GO:0071353","cellular response to interleukin-4","2/33","37/28928",0.0540540540540541,47.3841113841114,9.54082948459722,0.000819717327823563,0.00570062810963599,0.00277016823784763,"22433/14828",2
"GO:0007548","sex differentiation","4/33","372/28928",0.010752688172043,9.42587161942001,5.52757875989973,0.000819953358235314,0.00570062810963599,0.00277016823784763,"224045/12028/12048/12608",4
"GO:0051090","regulation of DNA-binding transcription factor activity","4/33","372/28928",0.010752688172043,9.42587161942001,5.52757875989973,0.000819953358235314,0.00570062810963599,0.00277016823784763,"19053/80280/20747/77006",4
"GO:0001822","kidney development","4/33","375/28928",0.0106666666666667,9.35046464646465,5.50044366725675,0.000844803763136218,0.00582832850194722,0.00283222307881213,"12028/69232/12371/22393",4
"GO:0022612","gland morphogenesis","3/33","163/28928",0.0184049079754601,16.1338538761852,6.54799693881485,0.000846305234529322,0.00582832850194722,0.00283222307881213,"12028/22433/12608",3
"GO:0070661","leukocyte proliferation","4/33","378/28928",0.0105820105820106,9.27625460958794,5.47361194675539,0.000870182760985698,0.00593676089270617,0.00288491481015426,"12028/12048/12608/22059",4
"GO:0071216","cellular response to biotic stimulus","4/33","378/28928",0.0105820105820106,9.27625460958794,5.47361194675539,0.000870182760985698,0.00593676089270617,0.00288491481015426,"22433/14828/12608/22059",4
"GO:0045577","regulation of B cell differentiation","2/33","39/28928",0.0512820512820513,44.954156954157,9.28246503590517,0.00091072802746374,0.0061274788944565,0.00297759248367966,"22433/77006",2
"GO:0070266","necroptotic process","2/33","39/28928",0.0512820512820513,44.954156954157,9.28246503590517,0.00091072802746374,0.0061274788944565,0.00297759248367966,"26926/22059",2
"GO:1904752","regulation of vascular associated smooth muscle cell migration","2/33","39/28928",0.0512820512820513,44.954156954157,9.28246503590517,0.00091072802746374,0.0061274788944565,0.00297759248367966,"18024/22433",2
"GO:0010038","response to metal ion","4/33","384/28928",0.0104166666666667,9.13131313131313,5.42083514432519,0.000922551577272547,0.00617855643494458,0.00300241314863205,"19053/18024/13665/12371",4
"GO:0072331","signal transduction by p53 class mediator","3/33","169/28928",0.0177514792899408,15.5610543302851,6.41573773752111,0.000939488844401577,0.00621320464706182,0.00301925013130474,"12028/80280/22059",3
"GO:2000058","regulation of ubiquitin-dependent protein catabolic process","3/33","169/28928",0.0177514792899408,15.5610543302851,6.41573773752111,0.000939488844401577,0.00621320464706182,0.00301925013130474,"27061/64209/77006",3
"GO:0048608","reproductive structure development","4/33","386/28928",0.0103626943005181,9.08400062804208,5.403499409584,0.000940491936301824,0.00621320464706182,0.00301925013130474,"224045/12028/12048/12608",4
"GO:0070670","response to interleukin-4","2/33","40/28928",0.05,43.830303030303,9.16051148161206,0.000957977768309742,0.00622075135432593,0.00302291738487071,"22433/14828",2
"GO:0010563","negative regulation of phosphorus metabolic process","4/33","388/28928",0.0103092783505155,9.03717588253671,5.38628921637878,0.000958677434742009,0.00622075135432593,0.00302291738487071,"12028/80280/17872/22059",4
"GO:0030522","intracellular receptor signaling pathway","4/33","388/28928",0.0103092783505155,9.03717588253671,5.38628921637878,0.000958677434742009,0.00622075135432593,0.00302291738487071,"56085/15370/14251/77006",4
"GO:0045936","negative regulation of phosphate metabolic process","4/33","388/28928",0.0103092783505155,9.03717588253671,5.38628921637878,0.000958677434742009,0.00622075135432593,0.00302291738487071,"12028/80280/17872/22059",4
"GO:0072001","renal system development","4/33","390/28928",0.0102564102564103,8.99083139083139,5.36920297364623,0.000977109931105614,0.00631230309475308,0.00306740611814245,"12028/69232/12371/22393",4
"GO:0061458","reproductive system development","4/33","391/28928",0.010230179028133,8.9678369371464,5.36070584425219,0.000986419384444263,0.00634437137131552,0.00308298940466234,"224045/12028/12048/12608",4
"GO:0032790","ribosome disassembly","2/33","42/28928",0.0476190476190476,41.7431457431457,8.92961670317704,0.00105595328777546,0.00673350205035534,0.00327208390911283,"80280/77006",2
"GO:0010508","positive regulation of autophagy","3/33","176/28928",0.0170454545454545,14.9421487603306,6.26973715879702,0.00105614518461053,0.00673350205035534,0.00327208390911283,"80280/22433/77006",3
"GO:0030879","mammary gland development","3/33","178/28928",0.0168539325842697,14.7742594484168,6.229549684711,0.00109108019610481,0.00692598733179578,0.00336562037608533,"12028/22433/12608",3
"GO:0009651","response to salt stress","2/33","43/28928",0.0465116279069767,40.7723749119098,8.82016855785426,0.00110667398067783,0.00694796342627454,0.00337629945876643,"12028/22059",2
"GO:0007584","response to nutrient","3/33","179/28928",0.0167597765363128,14.6917216861351,6.20969865180131,0.00110881882076847,0.00694796342627454,0.00337629945876643,"18024/22433/14827",3
"GO:0033157","regulation of intracellular protein transport","3/33","179/28928",0.0167597765363128,14.6917216861351,6.20969865180131,0.00110881882076847,0.00694796342627454,0.00337629945876643,"27061/22433/216440",3
"GO:0051084","'de novo' post-translational protein folding","2/33","44/28928",0.0454545454545455,39.8457300275482,8.71441575845843,0.00115854657853239,0.00716526042159453,0.00348189295180585,"64136/14828",2
"GO:0072595","maintenance of protein localization in organelle","2/33","44/28928",0.0454545454545455,39.8457300275482,8.71441575845843,0.00115854657853239,0.00716526042159453,0.00348189295180585,"14828/216440",2
"GO:0007269","neurotransmitter secretion","3/33","182/28928",0.0164835164835165,14.4495504495505,6.15108983775213,0.00116312789035473,0.00716526042159453,0.00348189295180585,"12048/22433/15370",3
"GO:0099643","signal release from synapse","3/33","182/28928",0.0164835164835165,14.4495504495505,6.15108983775213,0.00116312789035473,0.00716526042159453,0.00348189295180585,"12048/22433/15370",3
"GO:0002335","mature B cell differentiation","2/33","45/28928",0.0444444444444444,38.9602693602694,8.61215248107704,0.00121156854844854,0.00733979286611979,0.00356670540141654,"22433/77006",2
"GO:0046677","response to antibiotic","2/33","45/28928",0.0444444444444444,38.9602693602694,8.61215248107704,0.00121156854844854,0.00733979286611979,0.00356670540141654,"19053/22059",2
"GO:0060218","hematopoietic stem cell differentiation","2/33","45/28928",0.0444444444444444,38.9602693602694,8.61215248107704,0.00121156854844854,0.00733979286611979,0.00356670540141654,"18024/22059",2
"GO:1904738","vascular associated smooth muscle cell migration","2/33","45/28928",0.0444444444444444,38.9602693602694,8.61215248107704,0.00121156854844854,0.00733979286611979,0.00356670540141654,"18024/22433",2
"GO:0001889","liver development","3/33","187/28928",0.0160427807486631,14.0631988332523,6.05643027152889,0.00125733011257236,0.00754276141963007,0.0036653361188397,"80280/22433/12608",3
"GO:0006458","'de novo' protein folding","2/33","46/28928",0.0434782608695652,38.1133069828722,8.51318862845296,0.00126573736151327,0.00754276141963007,0.0036653361188397,"64136/14828",2
"GO:0045047","protein targeting to ER","2/33","46/28928",0.0434782608695652,38.1133069828722,8.51318862845296,0.00126573736151327,0.00754276141963007,0.0036653361188397,"14828/64209",2
"GO:0048147","negative regulation of fibroblast proliferation","2/33","46/28928",0.0434782608695652,38.1133069828722,8.51318862845296,0.00126573736151327,0.00754276141963007,0.0036653361188397,"12028/22059",2
"GO:0061008","hepaticobiliary system development","3/33","190/28928",0.0157894736842105,13.8411483253589,6.00136043834213,0.00131609495099923,0.00781097003438569,0.00379566964900934,"80280/22433/12608",3
"GO:0042770","signal transduction in response to DNA damage","3/33","196/28928",0.0153061224489796,13.417439703154,5.89487343324866,0.00143876044596581,0.00850441397210559,0.00413264240605564,"80280/12371/22059",3
"GO:0072599","establishment of protein localization to endoplasmic reticulum","2/33","50/28928",0.04,35.0642424242424,8.14699592924518,0.0014938306059141,0.00879432534126847,0.0042735221917916,"14828/64209",2
"GO:0016202","regulation of striated muscle tissue development","2/33","52/28928",0.0384615384615385,33.7156177156177,7.97968225413674,0.00161469282672335,0.00946767681532567,0.00460073119937239,"71472/14251",2
"GO:0051602","response to electrical stimulus","2/33","53/28928",0.0377358490566038,33.0794739851344,7.89953440861807,0.00167681906526016,0.00979262334111932,0.0047586359999383,"22433/15370",2
"GO:0071356","cellular response to tumor necrosis factor","3/33","208/28928",0.0144230769230769,12.6433566433566,5.6952785315355,0.00170514841425134,0.00991839316656158,0.00481975269954038,"19053/18024/22059",3
"GO:1901861","regulation of muscle tissue development","2/33","54/28928",0.037037037037037,32.4668911335578,7.82158122646184,0.00174007205819446,0.0100813698609679,0.00489894973777387,"71472/14251",2
"GO:0048634","regulation of muscle organ development","2/33","56/28928",0.0357142857142857,31.3073593073593,7.67186575991708,0.0018699483377619,0.010748521941466,0.0052231462065956,"71472/14251",2
"GO:0140894","endolysosomal toll-like receptor signaling pathway","2/33","56/28928",0.0357142857142857,31.3073593073593,7.67186575991708,0.0018699483377619,0.010748521941466,0.0052231462065956,"56085/14251",2
"GO:0007179","transforming growth factor beta receptor signaling pathway","3/33","218/28928",0.0137614678899083,12.0633861551293,5.5411134246472,0.00194926080561119,0.0111604736321268,0.00542333037350646,"22433/14828/22059",3
"GO:0030098","lymphocyte differentiation","4/33","472/28928",0.00847457627118644,7.42886492039034,4.75899986274067,0.00196845323423825,0.011218736978007,0.00545164291505169,"12028/22433/22059/77006",4
"GO:0071383","cellular response to steroid hormone stimulus","3/33","219/28928",0.0136986301369863,12.008302200083,5.52625201694979,0.00197480507078616,0.011218736978007,0.00545164291505169,"12371/26926/77006",3
"GO:0032496","response to lipopolysaccharide","4/33","476/28928",0.00840336134453781,7.36643748408454,4.73304761469143,0.00202974775704955,0.0114861694778773,0.00558159929927129,"22433/15370/12371/12608",4
"GO:1901799","negative regulation of proteasomal protein catabolic process","2/33","59/28928",0.0338983050847458,29.7154596815614,7.46144989257084,0.00207315120866415,0.0116415414024987,0.00565710086898639,"71472/77006",2
"GO:2000351","regulation of endothelial cell apoptotic process","2/33","59/28928",0.0338983050847458,29.7154596815614,7.46144989257084,0.00207315120866415,0.0116415414024987,0.00565710086898639,"18024/22433",2
"GO:0007519","skeletal muscle tissue development","3/33","224/28928",0.0133928571428571,11.7402597402597,5.45336920288348,0.00210566600004494,0.0117788213029334,0.00572381078455451,"71472/15370/14251",3
"GO:0035924","cellular response to vascular endothelial growth factor stimulus","2/33","62/28928",0.032258064516129,28.27761485826,7.26618168055899,0.00228636078023529,0.0127407890807005,0.00619127025262589,"22433/15370",2
"GO:0034612","response to tumor necrosis factor","3/33","231/28928",0.012987012987013,11.3844942935852,5.35513484960037,0.0022977720926747,0.0127556929859508,0.00619851266945267,"19053/18024/22059",3
"GO:0002237","response to molecule of bacterial origin","4/33","494/28928",0.00809716599190283,7.09802478223531,4.61988322550917,0.00232204435941592,0.0128416089573759,0.00624026275217836,"22433/15370/12371/12608",4
"GO:0072577","endothelial cell apoptotic process","2/33","63/28928",0.0317460317460317,27.8287638287638,7.20414548377304,0.00235964283161666,0.013000296355322,0.0063173754459171,"18024/22433",2
"GO:0009636","response to toxic substance","3/33","234/28928",0.0128205128205128,11.2385392385392,5.31431996729245,0.00238332662983756,0.0130814168404618,0.0063567952058192,"12028/18024/26926",3
"GO:0090303","positive regulation of wound healing","2/33","64/28928",0.03125,27.3939393939394,7.14353640818401,0.00243402687981681,0.0133096600918822,0.00646770793217635,"18024/22433",2
"GO:0060538","skeletal muscle organ development","3/33","239/28928",0.0125523012552301,11.0034233548878,5.24792007922068,0.00253027336250553,0.013784325034545,0.00669836703192744,"71472/15370/14251",3
"GO:0002285","lymphocyte activation involved in immune response","3/33","240/28928",0.0125,10.9575757575758,5.23487628231529,0.00256032121454291,0.0138446999008616,0.00672770564757083,"22433/22059/77006",3
"GO:0051651","maintenance of location in cell","3/33","240/28928",0.0125,10.9575757575758,5.23487628231529,0.00256032121454291,0.0138446999008616,0.00672770564757083,"12028/14828/216440",3
"GO:0010665","regulation of cardiac muscle cell apoptotic process","2/33","67/28928",0.0298507462686567,26.1673450927182,6.96973773745701,0.00266376648121187,0.0143509190500713,0.00697369822620627,"18024/22059",2
"GO:0042098","T cell proliferation","3/33","246/28928",0.0121951219512195,10.690317812269,5.15819999786638,0.0027452649392159,0.0147356132766736,0.00716063687705695,"12028/12608/22059",3
"GO:0010662","regulation of striated muscle cell apoptotic process","2/33","69/28928",0.0289855072463768,25.4088713219148,6.86007592734107,0.00282239130635297,0.0150941073526569,0.00733484380367033,"18024/22059",2
"GO:0097191","extrinsic apoptotic signaling pathway","3/33","250/28928",0.012,10.5192727272727,5.10853839715162,0.00287303597757331,0.0153088778367045,0.00743920956159974,"12028/12048/14827",3
"GO:0070231","T cell apoptotic process","2/33","71/28928",0.028169014084507,24.6931284677764,6.75496825220286,0.00298536545017816,0.0158495765718549,0.00770195718055532,"12028/22059",2
"GO:0045600","positive regulation of fat cell differentiation","2/33","72/28928",0.0277777777777778,24.3501683501683,6.70402334568323,0.00306847744101075,0.0161732023966631,0.00785922019852268,"22433/12608",2
"GO:1903008","organelle disassembly","2/33","72/28928",0.0277777777777778,24.3501683501683,6.70402334568323,0.00306847744101075,0.0161732023966631,0.00785922019852268,"80280/77006",2
"GO:0031331","positive regulation of cellular catabolic process","3/33","258/28928",0.0116279069767442,10.1930937279774,5.01250723887058,0.00313947363401987,0.0164878831139173,0.00801213642305715,"80280/22433/77006",3
"GO:0071806","protein transmembrane transport","2/33","73/28928",0.0273972602739726,24.016604400166,6.65410213085101,0.00315266947848774,0.0164978402816921,0.00801697501792392,"14828/26926",2
"GO:0032507","maintenance of protein location in cell","2/33","74/28928",0.027027027027027,23.6920556920557,6.60517008396608,0.00323793914292164,0.0168835398166628,0.00820440218920745,"14828/216440",2
"GO:0034248","regulation of amide metabolic process","2/33","75/28928",0.0266666666666667,23.3761616161616,6.55719429423706,0.0033242840184501,0.0172720806652568,0.00839321007093227,"18024/22059",2
"GO:0010659","cardiac muscle cell apoptotic process","2/33","76/28928",0.0263157894736842,23.0685805422648,6.51014336811767,0.00341170169303082,0.0176634201128546,0.00858337790631867,"18024/22059",2
"GO:0032088","negative regulation of NF-kappaB transcription factor activity","2/33","77/28928",0.025974025974026,22.7689885871704,6.46398734045626,0.00350018975843628,0.0179307966572525,0.00871330709948681,"19053/80280",2
"GO:0070301","cellular response to hydrogen peroxide","2/33","77/28928",0.025974025974026,22.7689885871704,6.46398734045626,0.00350018975843628,0.0179307966572525,0.00871330709948681,"18024/26926",2
"GO:1903051","negative regulation of proteolysis involved in protein catabolic process","2/33","77/28928",0.025974025974026,22.7689885871704,6.46398734045626,0.00350018975843628,0.0179307966572525,0.00871330709948681,"71472/77006",2
"GO:0010658","striated muscle cell apoptotic process","2/33","78/28928",0.0256410256410256,22.4770784770785,6.41869759192573,0.00358974581024872,0.018261424679314,0.00887397277134655,"18024/22059",2
"GO:0097192","extrinsic apoptotic signaling pathway in absence of ligand","2/33","78/28928",0.0256410256410256,22.4770784770785,6.41869759192573,0.00358974581024872,0.018261424679314,0.00887397277134655,"12028/12048",2
"GO:0045444","fat cell differentiation","3/33","274/28928",0.0109489051094891,9.59787657597877,4.83249238027371,0.00371685841061222,0.0188424072204647,0.00915629593842339,"22433/15370/12608",3
"GO:0090092","regulation of transmembrane receptor protein serine/threonine kinase signaling pathway","3/33","275/28928",0.0109090909090909,9.56297520661157,4.821734598233,0.00375495083036959,0.0189250732669549,0.00919646674976755,"22433/14828/22059",3
"GO:0006626","protein targeting to mitochondrion","2/33","80/28928",0.025,21.9151515151515,6.330608728519,0.00377205227444101,0.0189250732669549,0.00919646674976755,"27061/26926",2
"GO:0038034","signal transduction in absence of ligand","2/33","80/28928",0.025,21.9151515151515,6.330608728519,0.00377205227444101,0.0189250732669549,0.00919646674976755,"12028/12048",2
"GO:1903036","positive regulation of response to wounding","2/33","81/28928",0.0246913580246914,21.6445940890385,6.28775843888156,0.00386479789698754,0.0193239894849377,0.00939031644761932,"18024/22433",2
"GO:0061180","mammary gland epithelium development","2/33","82/28928",0.024390243902439,21.3806356245381,6.24567195003767,0.00395860192626414,0.0197254566974254,0.00958540577798465,"12028/12608",2
"GO:0071560","cellular response to transforming growth factor beta stimulus","3/33","281/28928",0.0106761565836299,9.35878356518926,4.75832371579692,0.00398853850974469,0.0197398855058551,0.00959241732584451,"22433/14828/22059",3
"GO:0090150","establishment of protein localization to membrane","3/33","281/28928",0.0106761565836299,9.35878356518926,4.75832371579692,0.00398853850974469,0.0197398855058551,0.00959241732584451,"12028/70231/14828",3
"GO:2000379","positive regulation of reactive oxygen species metabolic process","2/33","83/28928",0.0240963855421687,21.1230376049653,6.20432631937002,0.00405346197682451,0.0199934273181209,0.00971562365711138,"18024/22059",2
"GO:0016485","protein processing","3/33","285/28928",0.0105263157894737,9.2274322169059,4.71709703109582,0.0041490912415848,0.0202611654642873,0.00984572856736095,"18453/12371/17872",3
"GO:0044773","mitotic DNA damage checkpoint signaling","2/33","84/28928",0.0238095238095238,20.8715728715729,6.16369956067958,0.0041493756670013,0.0202611654642873,0.00984572856736095,"80280/22059",2
"GO:0071479","cellular response to ionizing radiation","2/33","84/28928",0.0238095238095238,20.8715728715729,6.16369956067958,0.0041493756670013,0.0202611654642873,0.00984572856736095,"12048/22059",2
"GO:0008625","extrinsic apoptotic signaling pathway via death domain receptors","2/33","85/28928",0.0235294117647059,20.6260249554367,6.12377059347169,0.004246340618901,0.0205968681182573,0.0100088602103139,"12028/12048",2
"GO:0071384","cellular response to corticosteroid stimulus","2/33","85/28928",0.0235294117647059,20.6260249554367,6.12377059347169,0.004246340618901,0.0205968681182573,0.0100088602103139,"12371/26926",2
"GO:0071559","response to transforming growth factor beta","3/33","288/28928",0.0104166666666667,9.13131313131313,4.68670632757638,0.00427206109071753,0.0206530105710185,0.0100361421231914,"22433/14828/22059",3
"GO:0051924","regulation of calcium ion transport","3/33","289/28928",0.0103806228373702,9.09971689210444,4.67667461380794,0.00431354015979532,0.02078471496139,0.0101001426704952,"12028/56085/22393",3
"GO:0070228","regulation of lymphocyte apoptotic process","2/33","87/28928",0.0229885057471264,20.1518634622083,6.04592595826966,0.00444341481513363,0.0213400843095233,0.0103700193400279,"12028/22059",2
"GO:0044774","mitotic DNA integrity checkpoint signaling","2/33","88/28928",0.0227272727272727,19.9228650137741,6.00797224544315,0.00454351932250287,0.021749305609358,0.0105688766984191,"80280/22059",2
"GO:0000423","mitophagy","2/33","89/28928",0.0224719101123595,19.699012597889,5.97064015366826,0.00464466561765743,0.0220886377908138,0.0107337720771511,"13665/22059",2
"GO:1901796","regulation of signal transduction by p53 class mediator","2/33","89/28928",0.0224719101123595,19.699012597889,5.97064015366826,0.00464466561765743,0.0220886377908138,0.0107337720771511,"80280/22059",2
"GO:0032386","regulation of intracellular transport","3/33","301/28928",0.00996677740863787,8.73693748112353,4.55996736662885,0.00483054675542082,0.0228980463081637,0.0111270967640247,"27061/22433/216440",3
"GO:0045995","regulation of embryonic development","2/33","93/28928",0.021505376344086,18.85174323884,5.82719359159613,0.0050596215502352,0.0239063024703669,0.0116170496503441,"18024/14828",2
"GO:0031016","pancreas development","2/33","94/28928",0.0212765957446809,18.6511927788524,5.79272426168205,0.00516594147259716,0.0243299179031995,0.0118229017063854,"22433/22393",2
"GO:0050871","positive regulation of B cell activation","2/33","95/28928",0.0210526315789474,18.4548644338118,5.75878261802828,0.00527328908418939,0.0245974506802444,0.0119529068193834,"22433/77006",2
"GO:0051881","regulation of mitochondrial membrane potential","2/33","95/28928",0.0210526315789474,18.4548644338118,5.75878261802828,0.00527328908418939,0.0245974506802444,0.0119529068193834,"12028/12048",2
"GO:0072332","intrinsic apoptotic signaling pathway by p53 class mediator","2/33","95/28928",0.0210526315789474,18.4548644338118,5.75878261802828,0.00527328908418939,0.0245974506802444,0.0119529068193834,"12028/22059",2
"GO:0009408","response to heat","2/33","96/28928",0.0208333333333333,18.2626262626263,5.72535497493373,0.00538166204829542,0.0250230146194628,0.0121597057343316,"224045/13665",2
"GO:0051222","positive regulation of protein transport","3/33","315/28928",0.00952380952380952,8.34862914862915,4.43177015922771,0.00547934541760489,0.0253159630053897,0.0123020613306652,"27061/22433/28146",3
"GO:0072659","protein localization to plasma membrane","3/33","315/28928",0.00952380952380952,8.34862914862915,4.43177015922771,0.00547934541760489,0.0253159630053897,0.0123020613306652,"12048/70231/14251",3
"GO:0001933","negative regulation of protein phosphorylation","3/33","316/28928",0.00949367088607595,8.32220943613349,4.42291810724564,0.00552759567078479,0.0254583270641823,0.0123712418466178,"12028/80280/17872",3
"GO:1901654","response to ketone","3/33","318/28928",0.00943396226415094,8.26986849628359,4.40533058642198,0.00562486579807517,0.0258248555509112,0.0125493530218559,"12048/12371/26926",3
"GO:0045765","regulation of angiogenesis","3/33","319/28928",0.00940438871473354,8.24394414363067,4.39659451649606,0.00567388643216412,0.0259032553618917,0.012587450694964,"18024/22433/17872",3
"GO:0006414","translational elongation","2/33","99/28928",0.0202020202020202,17.709213345577,5.62802646202471,0.00571290974419804,0.0259032553618917,0.012587450694964,"80280/77006",2
"GO:0016239","positive regulation of macroautophagy","2/33","99/28928",0.0202020202020202,17.709213345577,5.62802646202471,0.00571290974419804,0.0259032553618917,0.012587450694964,"80280/77006",2
"GO:1900542","regulation of purine nucleotide metabolic process","2/33","99/28928",0.0202020202020202,17.709213345577,5.62802646202471,0.00571290974419804,0.0259032553618917,0.012587450694964,"12048/22059",2
"GO:0006140","regulation of nucleotide metabolic process","2/33","100/28928",0.02,17.5321212121212,5.59652750451093,0.00582536082538111,0.0261693132463274,0.0127167390973502,"12048/22059",2
"GO:0033209","tumor necrosis factor-mediated signaling pathway","2/33","100/28928",0.02,17.5321212121212,5.59652750451093,0.00582536082538111,0.0261693132463274,0.0127167390973502,"19053/22059",2
"GO:0045185","maintenance of protein location","2/33","100/28928",0.02,17.5321212121212,5.59652750451093,0.00582536082538111,0.0261693132463274,0.0127167390973502,"14828/216440",2
"GO:1901342","regulation of vasculature development","3/33","326/28928",0.00920245398773006,8.06692693809258,4.33649169075696,0.00602426310597345,0.0269798286341142,0.0131106016578176,"18024/22433/17872",3
"GO:1900182","positive regulation of protein localization to nucleus","2/33","103/28928",0.0194174757281553,17.0214769049721,5.50470209643361,0.00616878716172423,0.0275425971135088,0.0133840738677036,"80280/22433",2
"GO:0042593","glucose homeostasis","3/33","332/28928",0.00903614457831325,7.92113910186199,4.28638615815493,0.00633472599936,0.028197255972761,0.0137021993696041,"22433/22393/20747",3
"GO:0033500","carbohydrate homeostasis","3/33","333/28928",0.00900900900900901,7.8973518973519,4.27815749518012,0.00638738566282979,0.0282593426294894,0.0137323698141859,"22433/22393/20747",3
"GO:0090287","regulation of cellular response to growth factor stimulus","3/33","333/28928",0.00900900900900901,7.8973518973519,4.27815749518012,0.00638738566282979,0.0282593426294894,0.0137323698141859,"22433/14828/22059",3
"GO:0000422","autophagy of mitochondrion","2/33","106/28928",0.0188679245283019,16.5397369925672,5.41666351884086,0.00652127464839009,0.0287645347028687,0.0139778632946889,"13665/22059",2
"GO:0046651","lymphocyte proliferation","3/33","336/28928",0.00892857142857143,7.82683982683983,4.25367596094689,0.00654694165933271,0.0287907675380294,0.0139906109016812,"12028/12608/22059",3
"GO:0042326","negative regulation of phosphorylation","3/33","337/28928",0.00890207715133531,7.80361478284327,4.24558277001055,0.00660065380486731,0.0289398034687876,0.0140630335529653,"12028/80280/17872",3
"GO:0002366","leukocyte activation involved in immune response","3/33","339/28928",0.00884955752212389,7.75757575757576,4.22949589977439,0.00670887035493205,0.0292386588603009,0.0142082596047893,"22433/22059/77006",3
"GO:0006874","intracellular calcium ion homeostasis","3/33","339/28928",0.00884955752212389,7.75757575757576,4.22949589977439,0.00670887035493205,0.0292386588603009,0.0142082596047893,"12028/64209/22393",3
"GO:0034504","protein localization to nucleus","3/33","340/28928",0.00882352941176471,7.73475935828877,4.221501739555,0.00676337543198441,0.0293884765794561,0.0142810621590147,"80280/22433/22059",3
"GO:0002263","cell activation involved in immune response","3/33","343/28928",0.0087463556851312,7.66710840180228,4.1977135242299,0.00692848186379976,0.0300165683120108,0.0145862776079995,"22433/22059/77006",3
"GO:0014910","regulation of smooth muscle cell migration","2/33","110/28928",0.0181818181818182,15.9382920110193,5.30472270795096,0.00700524580462072,0.0302593457832729,0.0147042531059308,"18024/22433",2
"GO:0071375","cellular response to peptide hormone stimulus","3/33","348/28928",0.00862068965517241,7.55694879832811,4.15870026873491,0.00720898288277776,0.0310475368992788,0.0150872673901326,"18024/22433/15370",3
"GO:0051098","regulation of binding","3/33","349/28928",0.00859598853868195,7.53529564990883,4.15099066755518,0.00726588453095087,0.0312005629858478,0.0151616290212411,"12028/14251/77006",3
"GO:0006970","response to osmotic stress","2/33","113/28928",0.0176991150442478,15.5151515151515,5.2245489393519,0.00737863500665358,0.0314076009029569,0.0152622372087909,"12028/22059",2
"GO:0033135","regulation of peptidyl-serine phosphorylation","2/33","113/28928",0.0176991150442478,15.5151515151515,5.2245489393519,0.00737863500665358,0.0314076009029569,0.0152622372087909,"12028/17872",2
"GO:0090316","positive regulation of intracellular protein transport","2/33","113/28928",0.0176991150442478,15.5151515151515,5.2245489393519,0.00737863500665358,0.0314076009029569,0.0152622372087909,"27061/22433",2
"GO:0070227","lymphocyte apoptotic process","2/33","115/28928",0.0173913043478261,15.2453227931489,5.17278339930152,0.0076324845403336,0.0323936843862996,0.0157414154840418,"12028/22059",2
"GO:0048545","response to steroid hormone","3/33","357/28928",0.00840336134453781,7.36643748408454,4.09039439517333,0.00773076775424595,0.0327157128150698,0.0158979022619734,"12371/26926/77006",3
"GO:0007265","Ras protein signal transduction","2/33","118/28928",0.0169491525423729,14.8577298407807,5.09751817916729,0.00802059863504174,0.0338441445293669,0.0164462533617832,"19053/22059",2
"GO:0010660","regulation of muscle cell apoptotic process","2/33","119/28928",0.0168067226890756,14.7328749681691,5.07303867521211,0.00815191825005854,0.0342991373057218,0.016667352951735,"18024/22059",2
"GO:0055074","calcium ion homeostasis","3/33","365/28928",0.00821917808219178,7.20498132004981,4.03164532496491,0.00821295201730009,0.0344566377737303,0.0167438888676959,"12028/64209/22393",3
"GO:0014909","smooth muscle cell migration","2/33","122/28928",0.0163934426229508,14.3705911574764,5.00133982833573,0.00855169035973763,0.0357727825166483,0.0173834574017455,"18024/22433",2
"GO:0141091","transforming growth factor beta receptor superfamily signaling pathway","3/33","371/28928",0.00808625336927224,7.08845871110022,3.98873650241704,0.00858603389302572,0.0357727825166483,0.0173834574017455,"22433/14828/22059",3
"GO:0051235","maintenance of location","3/33","372/28928",0.00806451612903226,7.069403714565,3.98167792879277,0.00864917275916222,0.0357727825166483,0.0173834574017455,"12028/14828/216440",3
"GO:1902105","regulation of leukocyte differentiation","3/33","372/28928",0.00806451612903226,7.069403714565,3.98167792879277,0.00864917275916222,0.0357727825166483,0.0173834574017455,"22433/12608/77006",3
"GO:1904951","positive regulation of establishment of protein localization","3/33","372/28928",0.00806451612903226,7.069403714565,3.98167792879277,0.00864917275916222,0.0357727825166483,0.0173834574017455,"27061/22433/28146",3
"GO:0002312","B cell activation involved in immune response","2/33","123/28928",0.016260162601626,14.2537570830254,4.97800055601506,0.00868687801185656,0.0358272369980525,0.017409919060337,"22433/77006",2
"GO:0006888","endoplasmic reticulum to Golgi vesicle-mediated transport","2/33","125/28928",0.016,14.025696969697,4.93212906910029,0.00896013532627869,0.0366436906901033,0.0178066672856018,"27061/18453",2
"GO:0032355","response to estradiol","2/33","125/28928",0.016,14.025696969697,4.93212906910029,0.00896013532627869,0.0366436906901033,0.0178066672856018,"12371/26926",2
"GO:1902749","regulation of cell cycle G2/M phase transition","2/33","125/28928",0.016,14.025696969697,4.93212906910029,0.00896013532627869,0.0366436906901033,0.0178066672856018,"80280/22059",2
"GO:0015980","energy derivation by oxidation of organic compounds","3/33","380/28928",0.00789473684210526,6.92057416267943,3.92613381981397,0.00916419168385699,0.0373735191576291,0.0181613207730656,"12028/26926/22059",3
"GO:0048145","regulation of fibroblast proliferation","2/33","127/28928",0.015748031496063,13.8048198520639,4.88729853357801,0.00923722046509094,0.0375664119193113,0.0182550552513452,"12028/22059",2
"GO:0043534","blood vessel endothelial cell migration","2/33","128/28928",0.015625,13.6969696969697,4.86526099030455,0.00937719291106624,0.0380297268059909,0.0184801988949083,"18024/15370",2
"GO:0039531","regulation of cytoplasmic pattern recognition receptor signaling pathway","2/33","129/28928",0.0155038759689922,13.5907916373033,4.84346879996769,0.00951811565116296,0.0384943181459776,0.0187059628193143,"56085/14251",2
"GO:0010657","muscle cell apoptotic process","2/33","131/28928",0.0152671755725191,13.383298635207,4.80060186424054,0.00980280316424931,0.0395361674580221,0.0192122399904159,"18024/22059",2
"GO:0000077","DNA damage checkpoint signaling","2/33","132/28928",0.0151515151515152,13.2819100091827,4.77951811993432,0.00994656352136263,0.0397862540854505,0.0193337673061238,"80280/22059",2
"GO:0051588","regulation of neurotransmitter transport","2/33","132/28928",0.0151515151515152,13.2819100091827,4.77951811993432,0.00994656352136263,0.0397862540854505,0.0193337673061238,"12048/14251",2
"GO:0061041","regulation of wound healing","2/33","132/28928",0.0151515151515152,13.2819100091827,4.77951811993432,0.00994656352136263,0.0397862540854505,0.0193337673061238,"18024/22433",2
"GO:0021761","limbic system development","2/33","135/28928",0.0148148148148148,12.9867564534231,4.71761423691021,0.0103834845739814,0.0414204575901992,0.0201278935946606,"224045/12028",2
"GO:0014812","muscle cell migration","2/33","138/28928",0.0144927536231884,12.7044356609574,4.65764632661636,0.0108288195283886,0.042933860656377,0.0208633180118227,"18024/22433",2
"GO:0007178","cell surface receptor protein serine/threonine kinase signaling pathway","3/33","405/28928",0.00740740740740741,6.49337822671156,3.76241529123963,0.0108883307130364,0.042933860656377,0.0208633180118227,"22433/14828/22059",3
"GO:0009791","post-embryonic development","2/33","139/28928",0.0143884892086331,12.6130368432527,4.63806929028928,0.010979124064161,0.042933860656377,0.0208633180118227,"12028/28146",2
"GO:0021549","cerebellum development","2/33","139/28928",0.0143884892086331,12.6130368432527,4.63806929028928,0.010979124064161,0.042933860656377,0.0208633180118227,"14828/22059",2
"GO:0031570","DNA integrity checkpoint signaling","2/33","140/28928",0.0142857142857143,12.5229437229437,4.61869229725233,0.0111303547424757,0.042933860656377,0.0208633180118227,"80280/22059",2
"GO:1990778","protein localization to cell periphery","3/33","409/28928",0.00733496332518337,6.42987330517893,3.73750276037342,0.0111804888082363,0.042933860656377,0.0208633180118227,"12048/70231/14251",3
"GO:0010966","regulation of phosphate transport","1/33","10/28928",0.1,87.6606060606061,9.26264273877675,0.0113510069954531,0.042933860656377,0.0208633180118227,"12608",1
"GO:0019511","peptidyl-proline hydroxylation","1/33","10/28928",0.1,87.6606060606061,9.26264273877675,0.0113510069954531,0.042933860656377,0.0208633180118227,"18453",1
"GO:0030070","insulin processing","1/33","10/28928",0.1,87.6606060606061,9.26264273877675,0.0113510069954531,0.042933860656377,0.0208633180118227,"18453",1
"GO:0031017","exocrine pancreas development","1/33","10/28928",0.1,87.6606060606061,9.26264273877675,0.0113510069954531,0.042933860656377,0.0208633180118227,"22433",1
"GO:0036466","synaptic vesicle recycling via endosome","1/33","10/28928",0.1,87.6606060606061,9.26264273877675,0.0113510069954531,0.042933860656377,0.0208633180118227,"12048",1
"GO:0046666","retinal cell programmed cell death","1/33","10/28928",0.1,87.6606060606061,9.26264273877675,0.0113510069954531,0.042933860656377,0.0208633180118227,"12028",1
"GO:0048050","post-embryonic eye morphogenesis","1/33","10/28928",0.1,87.6606060606061,9.26264273877675,0.0113510069954531,0.042933860656377,0.0208633180118227,"12028",1
"GO:0070862","negative regulation of protein exit from endoplasmic reticulum","1/33","10/28928",0.1,87.6606060606061,9.26264273877675,0.0113510069954531,0.042933860656377,0.0208633180118227,"216440",1
"GO:1900118","negative regulation of execution phase of apoptosis","1/33","10/28928",0.1,87.6606060606061,9.26264273877675,0.0113510069954531,0.042933860656377,0.0208633180118227,"12048",1
"GO:1901031","regulation of response to reactive oxygen species","1/33","10/28928",0.1,87.6606060606061,9.26264273877675,0.0113510069954531,0.042933860656377,0.0208633180118227,"18024",1
"GO:1902031","regulation of NADP metabolic process","1/33","10/28928",0.1,87.6606060606061,9.26264273877675,0.0113510069954531,0.042933860656377,0.0208633180118227,"22059",1
"GO:1903799","negative regulation of miRNA processing","1/33","10/28928",0.1,87.6606060606061,9.26264273877675,0.0113510069954531,0.042933860656377,0.0208633180118227,"22059",1
"GO:1903897","regulation of PERK-mediated unfolded protein response","1/33","10/28928",0.1,87.6606060606061,9.26264273877675,0.0113510069954531,0.042933860656377,0.0208633180118227,"77006",1
"GO:2000807","regulation of synaptic vesicle clustering","1/33","10/28928",0.1,87.6606060606061,9.26264273877675,0.0113510069954531,0.042933860656377,0.0208633180118227,"12048",1
"GO:0045727","positive regulation of translation","2/33","142/28928",0.0140845070422535,12.3465642338882,4.58052445402324,0.0114355858321601,0.0430308126674067,0.0209104309573411,"224045/28146",2
"GO:0051928","positive regulation of calcium ion transport","2/33","142/28928",0.0140845070422535,12.3465642338882,4.58052445402324,0.0114355858321601,0.0430308126674067,0.0209104309573411,"12028/22393",2
"GO:0045786","negative regulation of cell cycle","3/33","413/28928",0.00726392251815981,6.36759850319172,3.71292074774253,0.0114771803700415,0.0430763067873023,0.0209325384099796,"80280/15370/22059",3
"GO:0031400","negative regulation of protein modification process","3/33","420/28928",0.00714285714285714,6.26147186147186,3.67067421083962,0.0120073375622262,0.04495054574577,0.021843307738031,"12028/80280/17872",3
"GO:0045621","positive regulation of lymphocyte differentiation","2/33","146/28928",0.0136986301369863,12.008302200083,4.50644012442762,0.0120570662770865,0.045021270497561,0.0218776757861255,"22433/77006",2
"GO:0050864","regulation of B cell activation","2/33","148/28928",0.0135135135135135,11.8460278460278,4.4704732067951,0.0123732810908977,0.0450981404326728,0.0219150300300083,"22433/77006",2
"GO:0009750","response to fructose","1/33","11/28928",0.0909090909090909,79.6914600550964,8.82154485605956,0.0124792114621917,0.0450981404326728,0.0219150300300083,"22433",1
"GO:0010248","establishment or maintenance of transmembrane electrochemical gradient","1/33","11/28928",0.0909090909090909,79.6914600550964,8.82154485605956,0.0124792114621917,0.0450981404326728,0.0219150300300083,"12028",1
"GO:0031077","post-embryonic camera-type eye development","1/33","11/28928",0.0909090909090909,79.6914600550964,8.82154485605956,0.0124792114621917,0.0450981404326728,0.0219150300300083,"12028",1
"GO:0032225","regulation of synaptic transmission, dopaminergic","1/33","11/28928",0.0909090909090909,79.6914600550964,8.82154485605956,0.0124792114621917,0.0450981404326728,0.0219150300300083,"14251",1
"GO:0035356","intracellular triglyceride homeostasis","1/33","11/28928",0.0909090909090909,79.6914600550964,8.82154485605956,0.0124792114621917,0.0450981404326728,0.0219150300300083,"22433",1
"GO:0048539","bone marrow development","1/33","11/28928",0.0909090909090909,79.6914600550964,8.82154485605956,0.0124792114621917,0.0450981404326728,0.0219150300300083,"22059",1
"GO:0060068","vagina development","1/33","11/28928",0.0909090909090909,79.6914600550964,8.82154485605956,0.0124792114621917,0.0450981404326728,0.0219150300300083,"12028",1
"GO:0061043","regulation of vascular wound healing","1/33","11/28928",0.0909090909090909,79.6914600550964,8.82154485605956,0.0124792114621917,0.0450981404326728,0.0219150300300083,"22433",1
"GO:0070863","positive regulation of protein exit from endoplasmic reticulum","1/33","11/28928",0.0909090909090909,79.6914600550964,8.82154485605956,0.0124792114621917,0.0450981404326728,0.0219150300300083,"27061",1
"GO:0110075","regulation of ferroptosis","1/33","11/28928",0.0909090909090909,79.6914600550964,8.82154485605956,0.0124792114621917,0.0450981404326728,0.0219150300300083,"18024",1
"GO:1901329","regulation of odontoblast differentiation","1/33","11/28928",0.0909090909090909,79.6914600550964,8.82154485605956,0.0124792114621917,0.0450981404326728,0.0219150300300083,"12608",1
"GO:1903025","regulation of RNA polymerase II regulatory region sequence-specific DNA binding","1/33","11/28928",0.0909090909090909,79.6914600550964,8.82154485605956,0.0124792114621917,0.0450981404326728,0.0219150300300083,"77006",1
"GO:0014902","myotube differentiation","2/33","150/28928",0.0133333333333333,11.6880808080808,4.43519146037448,0.0126931226971419,0.0457579237971041,0.022235645738463,"22433/14251",2
"GO:0045598","regulation of fat cell differentiation","2/33","151/28928",0.0132450331125828,11.610676299418,4.41780049243199,0.0128543981914554,0.0461116003919531,0.0224075116540565,"22433/12608",2
"GO:0051099","positive regulation of binding","2/33","151/28928",0.0132450331125828,11.610676299418,4.41780049243199,0.0128543981914554,0.0461116003919531,0.0224075116540565,"14251/77006",2
"GO:0050678","regulation of epithelial cell proliferation","3/33","432/28928",0.00694444444444444,6.08754208754209,3.60043732838118,0.0129487568267473,0.0463362376643407,0.0225166720877906,"12028/22433/15370",3
"GO:0017148","negative regulation of translation","2/33","153/28928",0.0130718954248366,11.4589027530204,4.38350486140396,0.0131796478806898,0.0469324046483101,0.022806373996367,"13665/22393",2
"GO:0022037","metencephalon development","2/33","153/28928",0.0130718954248366,11.4589027530204,4.38350486140396,0.0131796478806898,0.0469324046483101,0.022806373996367,"14828/22059",2
"GO:0048144","fibroblast proliferation","2/33","154/28928",0.012987012987013,11.3844942935852,4.36659497978878,0.0133436178132205,0.0474006861491531,0.0230339311207853,"12028/22059",2
"GO:0010998","regulation of translational initiation by eIF2 alpha phosphorylation","1/33","12/28928",0.0833333333333333,73.0505050505051,8.43637474154476,0.0136061674403966,0.0475239341219593,0.0230938223490992,"17872",1
"GO:0043653","mitochondrial fragmentation involved in apoptotic process","1/33","12/28928",0.0833333333333333,73.0505050505051,8.43637474154476,0.0136061674403966,0.0475239341219593,0.0230938223490992,"12028",1
"GO:0045348","positive regulation of MHC class II biosynthetic process","1/33","12/28928",0.0833333333333333,73.0505050505051,8.43637474154476,0.0136061674403966,0.0475239341219593,0.0230938223490992,"22433",1
"GO:0060056","mammary gland involution","1/33","12/28928",0.0833333333333333,73.0505050505051,8.43637474154476,0.0136061674403966,0.0475239341219593,0.0230938223490992,"12028",1
"GO:0060124","positive regulation of growth hormone secretion","1/33","12/28928",0.0833333333333333,73.0505050505051,8.43637474154476,0.0136061674403966,0.0475239341219593,0.0230938223490992,"28146",1
"GO:0071389","cellular response to mineralocorticoid stimulus","1/33","12/28928",0.0833333333333333,73.0505050505051,8.43637474154476,0.0136061674403966,0.0475239341219593,0.0230938223490992,"26926",1
"GO:0097707","ferroptosis","1/33","12/28928",0.0833333333333333,73.0505050505051,8.43637474154476,0.0136061674403966,0.0475239341219593,0.0230938223490992,"18024",1
"GO:0002065","columnar/cuboidal epithelial cell differentiation","2/33","156/28928",0.0128205128205128,11.2385392385392,4.33323847618523,0.0136742372238775,0.0475342532068123,0.0230988368142693,"22433/12608",2
"GO:0032388","positive regulation of intracellular transport","2/33","156/28928",0.0128205128205128,11.2385392385392,4.33323847618523,0.0136742372238775,0.0475342532068123,0.0230988368142693,"27061/22433",2
"GO:0007264","small GTPase-mediated signal transduction","3/33","444/28928",0.00675675675675676,5.92301392301392,3.53280266124314,0.013931585428057,0.04831381169825,0.0234776561532952,"19053/22059/14251",3
"GO:0010959","regulation of metal ion transport","3/33","447/28928",0.00671140939597315,5.88326215171853,3.51628042083357,0.0141837950741086,0.0490718976497596,0.0238460411073814,"12028/56085/22393",3
"GO:0007093","mitotic cell cycle checkpoint signaling","2/33","160/28928",0.0125,10.9575757575758,4.26831137493623,0.0143461349139389,0.049331512275371,0.023972198466907,"80280/22059",2
"GO:0044839","cell cycle G2/M phase transition","2/33","161/28928",0.0124223602484472,10.8895162808206,4.25243828462667,0.014516317616931,0.049331512275371,0.023972198466907,"80280/22059",2
"GO:0051047","positive regulation of secretion","3/33","451/28928",0.00665188470066519,5.83108244305584,3.49448290696902,0.0145241336455878,0.049331512275371,0.023972198466907,"12048/22433/28146",3
"GO:0034116","positive regulation of heterotypic cell-cell adhesion","1/33","13/28928",0.0769230769230769,67.4312354312354,8.09617198714478,0.0147318762685354,0.049331512275371,0.023972198466907,"14251",1
"GO:0044341","sodium-dependent phosphate transport","1/33","13/28928",0.0769230769230769,67.4312354312354,8.09617198714478,0.0147318762685354,0.049331512275371,0.023972198466907,"12608",1
"GO:0044857","plasma membrane raft organization","1/33","13/28928",0.0769230769230769,67.4312354312354,8.09617198714478,0.0147318762685354,0.049331512275371,0.023972198466907,"14251",1
"GO:0045136","development of secondary sexual characteristics","1/33","13/28928",0.0769230769230769,67.4312354312354,8.09617198714478,0.0147318762685354,0.049331512275371,0.023972198466907,"12028",1
"GO:0046598","positive regulation of viral entry into host cell","1/33","13/28928",0.0769230769230769,67.4312354312354,8.09617198714478,0.0147318762685354,0.049331512275371,0.023972198466907,"18453",1
"GO:0075294","positive regulation by symbiont of entry into host","1/33","13/28928",0.0769230769230769,67.4312354312354,8.09617198714478,0.0147318762685354,0.049331512275371,0.023972198466907,"18453",1
"GO:0090399","replicative senescence","1/33","13/28928",0.0769230769230769,67.4312354312354,8.09617198714478,0.0147318762685354,0.049331512275371,0.023972198466907,"22059",1
"GO:1900244","positive regulation of synaptic vesicle endocytosis","1/33","13/28928",0.0769230769230769,67.4312354312354,8.09617198714478,0.0147318762685354,0.049331512275371,0.023972198466907,"12048",1
"GO:1901029","negative regulation of mitochondrial outer membrane permeabilization involved in apoptotic signaling pathway","1/33","13/28928",0.0769230769230769,67.4312354312354,8.09617198714478,0.0147318762685354,0.049331512275371,0.023972198466907,"12048",1
"GO:1905048","regulation of metallopeptidase activity","1/33","13/28928",0.0769230769230769,67.4312354312354,8.09617198714478,0.0147318762685354,0.049331512275371,0.023972198466907,"77006",1
"GO:1990144","intrinsic apoptotic signaling pathway in response to hypoxia","1/33","13/28928",0.0769230769230769,67.4312354312354,8.09617198714478,0.0147318762685354,0.049331512275371,0.023972198466907,"22059",1
"GO:2000377","regulation of reactive oxygen species metabolic process","2/33","163/28928",0.0122699386503067,10.7559025841234,4.22110724596999,0.0148593182324937,0.0496444041634802,0.0241242454262333,"18024/22059",2
